Attack Type,Total_Incidents,Avg_Financial_Loss,Total_Affected_Users
DDoS,531,52.03563088512241,265201265
Malware,485,49.418453608247425,246758413
Man-in-the-Middle,459,51.30908496732026,238709523
Phishing,529,50.45990548204159,257717975
Ransomware,493,49.65379310344827,247892907
SQL Injection,503,50.01304174950298,257772326
