Target Industry,Total_Incidents,Total_Financial_Loss,Avg_Resolution_Time
Banking,445,22772.39,35.737078651685394
Education,419,20071.43,35.90692124105012
Government,403,21205.329999999998,37.593052109181144
Healthcare,429,21041.29,35.806526806526804
IT,478,24809.83,36.16945606694561
Retail,423,21119.55,37.219858156028366
Telecommunications,403,20459.09,37.06203473945409
